-- Crear usuarios


INSERT INTO `users` (`id`, `group_id`, `email`, `password`, `active`, `deleted`, `code`, `username`, `create_user`, `create_time`, `modify_user`, `modify_time`, `ip_address`, `activation_code`, `forgotten_password_code`) VALUES
(1, 1, 'admin@reservadeportiva.com', '553ce545576a55df232bbe59ca5854b1cffcacac', '1', NULL, NULL, 'Administrador', '0', '2010-07-29 20:42:27', NULL, '2010-07-29 20:43:45', '127.0.0.1', '', '0'),
(2, 3, 'operador@reservadeportiva.com', 'c689391441c7b9e406a4ea9f4ad875cb9f34e069', '1', NULL, NULL, 'JJNC', '0', '2010-09-01 12:44:16', NULL, NULL, '127.0.0.1', '', '0'),
(5, 7, 'usuario@reservadeportiva.com', 'ea20ff7c614a7fce8cd41e39155d0be78f0e4034', '1', NULL, NULL, 'JJNC', '0', '2010-09-01 12:44:16', NULL, NULL, '127.0.0.1', '', '0'),
(6, 5, 'info@movetothebit.com', '763f8fbaff68e80d6b4dd677c1806ea15ba1e12c', '1', NULL, NULL, NULL, '0', '2010-11-03 13:19:35', NULL, '2010-11-03 13:27:28', '127.0.0.1', '', '0'),
(7, 5, 'info@movetothebit.com', '763f8fbaff68e80d6b4dd677c1806ea15ba1e12c', '1', NULL, NULL, NULL, '0', '2010-11-03 13:19:35', NULL, '2010-11-03 13:27:28', '127.0.0.1', '', '0'),
(8, 5, 'info@movetothebit.com', '763f8fbaff68e80d6b4dd677c1806ea15ba1e12c', '1', NULL, NULL, NULL, '0', '2010-11-03 13:19:35', NULL, '2010-11-03 13:27:28', '127.0.0.1', '', '0'),
(9, 5, 'info@movetothebit.com', '763f8fbaff68e80d6b4dd677c1806ea15ba1e12c', '1', NULL, NULL, NULL, '0', '2010-11-03 13:19:35', NULL, '2010-11-03 13:27:28', '127.0.0.1', '', '0'),
(10, 7, 'usuario@reservadeportiva.com', 'ea20ff7c614a7fce8cd41e39155d0be78f0e4034', '1', NULL, NULL, 'JJNC', '0', '2010-09-01 12:44:16', NULL, NULL, '127.0.0.1', '', '0'),
(11, 7, 'usuario@reservadeportiva.com', 'ea20ff7c614a7fce8cd41e39155d0be78f0e4034', '1', NULL, NULL, 'JJNC', '0', '2010-09-01 12:44:16', NULL, NULL, '127.0.0.1', '', '0'),
(12, 7, 'usuario@reservadeportiva.com', 'ea20ff7c614a7fce8cd41e39155d0be78f0e4034', '1', NULL, NULL, 'JJNC', '0', '2010-09-01 12:44:16', NULL, NULL, '127.0.0.1', '', '0'),
(13, 7, 'usuario@reservadeportiva.com', 'ea20ff7c614a7fce8cd41e39155d0be78f0e4034', '1', NULL, NULL, 'JJNC', '0', '2010-09-01 12:44:16', NULL, NULL, '127.0.0.1', '', '0'),
(14, 7, 'usuario@reservadeportiva.com', 'ea20ff7c614a7fce8cd41e39155d0be78f0e4034', '1', NULL, NULL, 'JJNC', '0', '2010-09-01 12:44:16', NULL, NULL, '127.0.0.1', '', '0'),
(15, 7, 'usuario@reservadeportiva.com', 'ea20ff7c614a7fce8cd41e39155d0be78f0e4034', '1', NULL, NULL, 'JJNC', '0', '2010-09-01 12:44:16', NULL, NULL, '127.0.0.1', '', '0'),
(16, 7, 'usuario@reservadeportiva.com', 'ea20ff7c614a7fce8cd41e39155d0be78f0e4034', '1', NULL, NULL, 'JJNC', '0', '2010-09-01 12:44:16', NULL, NULL, '127.0.0.1', '', '0'),
(17, 7, 'usuario@reservadeportiva.com', 'ea20ff7c614a7fce8cd41e39155d0be78f0e4034', '1', NULL, NULL, 'JJNC', '0', '2010-09-01 12:44:16', NULL, NULL, '127.0.0.1', '', '0');

INSERT INTO `groups` (`id`, `name`, `description`) VALUES
(7, 'member', 'Miembro'),
(1, 'admin', 'Administrador'),
(3, 'operator', 'Operador'),
(9, 'anonymous', 'Anonimo'),
(5, 'instructor', 'Profesor');


-- Crear metadatos de usuarios
INSERT INTO `meta` (`id`, `user_id`, `first_name`, `last_name`, `player_level`, `address`, `population`, `province`, `gender`, `code_population`, `code_province`, `code_country`, `cp`, `nif`, `birth_date`, `phone`, `mobile_phone`, `prepaid_cash`, `bank`, `bank_office`, `bank_dc`, `bank_account`, `bank_titular`, `bank_charge`, `language`, `validation`, `allow_mail_notification`, `allow_phone_notification`, `create_user`, `create_time`, `modify_user`, `modify_time`) VALUES
(8, 1, 'Administrador', '', 0.0, '0', '0', NULL, 0, NULL, 0, 0, '0', '0', '0000-00-00', '656484596', NULL, 0.00, NULL, NULL, NULL, NULL, NULL, '0', 0, NULL, '1', '1', '0', '2010-07-29 20:42:27', '1', '2010-10-21 18:22:35'),
(12, 2, 'Recepcionista', '', 0.0, '0', '0', NULL, 0, NULL, 0, 0, '0', '0', '0000-00-00', '666896536', NULL, 5.00, NULL, NULL, NULL, NULL, NULL, '0', 0, NULL, '1', '1', '0', '2010-07-29 20:42:27', '1', '2010-10-21 18:21:37'),
(13, 5, 'Usuario', 'Tipo', 0.0, '0', '0', NULL, 0, NULL, 0, 0, '0', '0', '0000-00-00', '655896539', NULL, 0.00, NULL, NULL, NULL, NULL, NULL, '0', 0, NULL, '1', '1', '0', '2010-07-29 20:42:27', NULL, NULL),
(14, 6, 'Profesor', 'numero1', 1.0, '0', '0', NULL, 0, NULL, 0, 0, '0', '0', '0000-00-00', '666898989', NULL, 0.00, NULL, NULL, NULL, NULL, NULL, '0', 0, NULL, '1', '1', '0', '2010-11-03 13:19:35', NULL, NULL),
(15, 7, 'Profesor', 'numero2', 1.0, '0', '0', NULL, 0, NULL, 0, 0, '0', '0', '0000-00-00', '668121212', NULL, 0.00, NULL, NULL, NULL, NULL, NULL, '0', 0, NULL, '1', '1', '0', '2010-11-03 13:19:35', NULL, NULL),
(16, 8, 'Profesor', 'numero3', 1.0, '0', '0', NULL, 0, NULL, 0, 0, '0', '0', '0000-00-00', '665343434', NULL, 0.00, NULL, NULL, NULL, NULL, NULL, '0', 0, NULL, '1', '1', '0', '2010-11-03 13:19:35', NULL, NULL),
(17, 9, 'Profesor', 'numero4', 1.0, '0', '0', NULL, 0, NULL, 0, 0, '0', '0', '0000-00-00', '661828282', NULL, 0.00, NULL, NULL, NULL, NULL, NULL, '0', 0, NULL, '1', '1', '0', '2010-11-03 13:19:35', NULL, NULL),
(19, 10, 'Usuario', 'Numero1', 0.0, '0', '0', NULL, 0, NULL, 0, 0, '0', '0', '0000-00-00', '655414141', NULL, 0.00, NULL, NULL, NULL, NULL, NULL, '0', 0, NULL, '1', '1', '0', '2010-07-29 20:42:27', NULL, NULL),
(20, 11, 'Usuario', 'Numero2', 0.0, '0', '0', NULL, 0, NULL, 0, 0, '0', '0', '0000-00-00', '655414141', NULL, 0.00, NULL, NULL, NULL, NULL, NULL, '0', 0, NULL, '1', '1', '0', '2010-07-29 20:42:27', NULL, NULL),
(21, 12, 'Usuario', 'Numero3', 0.0, '0', '0', NULL, 0, NULL, 0, 0, '0', '0', '0000-00-00', '655414141', NULL, 0.00, NULL, NULL, NULL, NULL, NULL, '0', 0, NULL, '1', '1', '0', '2010-07-29 20:42:27', NULL, NULL),
(22, 13, 'Usuario', 'Numero4', 0.0, '0', '0', NULL, 0, NULL, 0, 0, '0', '0', '0000-00-00', '655414141', NULL, 0.00, NULL, NULL, NULL, NULL, NULL, '0', 0, NULL, '1', '1', '0', '2010-07-29 20:42:27', NULL, NULL),
(23, 14, 'Usuario', 'Numero5', 0.0, '0', '0', NULL, 0, NULL, 0, 0, '0', '0', '0000-00-00', '655414141', NULL, 0.00, NULL, NULL, NULL, NULL, NULL, '0', 0, NULL, '1', '1', '0', '2010-07-29 20:42:27', NULL, NULL),
(24, 15, 'Usuaria', 'Numero1', 0.0, '0', '0', NULL, 0, NULL, 0, 0, '0', '0', '0000-00-00', '655414141', NULL, 0.00, NULL, NULL, NULL, NULL, NULL, '0', 0, NULL, '1', '1', '0', '2010-07-29 20:42:27', NULL, NULL),
(25, 16, 'Usuaria', 'Numero2', 0.0, '0', '0', NULL, 0, NULL, 0, 0, '0', '0', '0000-00-00', '655414141', NULL, 0.00, NULL, NULL, NULL, NULL, NULL, '0', 0, NULL, '1', '1', '0', '2010-07-29 20:42:27', NULL, NULL),
(26, 17, 'Usuaria', 'Numero3', 0.0, '0', '0', NULL, 0, NULL, 0, 0, '0', '0', '0000-00-00', '655414141', NULL, 0.00, NULL, NULL, NULL, NULL, NULL, '0', 0, NULL, '1', '1', '0', '2010-07-29 20:42:27', NULL, NULL);



-- Crear permisos sobre módulos
INSERT INTO `users_modules` (`id`, `id_user`, `id_module`, `create_user`, `create_time`, `modify_user`, `modify_time`) VALUES (1, 1, 1, '0', 0, '', 0);
INSERT INTO `users_modules` (`id`, `id_user`, `id_module`, `create_user`, `create_time`, `modify_user`, `modify_time`) VALUES (2, 1, 2, '0', 0, '', 0);
INSERT INTO `users_modules` (`id`, `id_user`, `id_module`, `create_user`, `create_time`, `modify_user`, `modify_time`) VALUES (3, 1, 3, '0', 0, '', 0);



INSERT INTO `lessons` (`id`, `description`, `active`, `weekday`, `start_time`, `end_time`, `start_date`, `end_date`, `id_sport`, `id_instructor`, `id_court`, `max_vacancies`, `current_vacancies`, `monthly_payment_day`, `level`, `gender`, `create_user`, `create_time`, `create_ip`, `modify_user`, `modify_time`, `modify_ip`) VALUES
(1, 'Intermedio Lunes Tarde', '1', 1, '18:00:00', '19:00:00', '2010-11-01', '2011-05-31', 1, 8, 1, 4, 4, 28, 3, 1, 1, '2010-11-03 13:18:15', '127.0.0.1', NULL, NULL, NULL),
(2, 'Intermedio Miercoles Tarde', '1', 3, '18:00:00', '19:00:00', '2010-11-01', '2011-05-31', 1, 8, 1, 4, 2, 28, 3, 1, 1, '2010-11-03 13:18:15', '127.0.0.1', NULL, NULL, NULL),
(3, 'Intermedio Viernes Tarde', '1', 5, '18:00:00', '19:00:00', '2010-11-01', '2011-05-31', 1, 9, 1, 4, 4, 28, 3, 1, 1, '2010-11-03 13:18:15', '127.0.0.1', NULL, NULL, NULL),
(4, 'Iniciacion Lunes Tarde', '1', 1, '19:00:00', '20:00:00', '2010-11-01', '2011-05-31', 1, 7, 1, 6, 6, 28, 1, 1, 1, '2010-11-03 13:18:15', '127.0.0.1', NULL, NULL, NULL),
(5, 'Avanzado Martes Mañana', '1', 2, '12:00:00', '13:00:00', '2010-11-01', '2011-05-31', 1, 6, 1, 3, 3, 28, 5, 1, 1, '2010-11-03 13:18:15', '127.0.0.1', NULL, NULL, NULL),
(6, 'Avanzado Jueves Mañana', '1', 4, '12:30:00', '13:30:00', '2010-07-01', '2010-11-03', 1, 6, 1, 3, 3, 28, 5, 1, 1, '2010-11-03 13:18:15', '127.0.0.1', NULL, NULL, NULL),
(7, 'Viernes Tarde 2', '1', 5, '18:30:00', '19:30:00', '2010-11-01', '2011-05-31', 1, 6, 1, 3, 3, 28, 5, 1, 1, '2010-11-03 13:18:15', '127.0.0.1', NULL, NULL, NULL),
(8, 'Martes Mañana', '1', 2, '12:30:00', '13:30:00', '2010-11-01', '2011-05-31', 1, 6, 1, 3, 3, 28, 5, 1, 1, '2010-11-03 13:18:15', '127.0.0.1', NULL, NULL, NULL),
(9, 'Avanzado Jueves Mañana 2', '1', 4, '12:30:00', '13:30:00', '2010-07-01', '2010-11-03', 1, 6, 1, 3, 3, 28, 5, 1, 1, '2010-11-03 13:18:15', '127.0.0.1', NULL, NULL, NULL),
(10, 'Avanzado Jueves Mañana 3', '1', 4, '12:30:00', '13:30:00', '2010-07-01', '2010-11-03', 1, 6, 1, 3, 3, 28, 5, 1, 1, '2010-11-03 13:18:15', '127.0.0.1', NULL, NULL, NULL),
(11, 'Avanzado Jueves Mañana 4', '1', 4, '12:30:00', '13:30:00', '2010-07-01', '2010-11-03', 1, 6, 1, 3, 3, 28, 5, 1, 1, '2010-11-03 13:18:15', '127.0.0.1', NULL, NULL, NULL),
(12, 'Avanzado Jueves Mañana 5', '1', 4, '12:30:00', '13:30:00', '2010-07-01', '2010-11-03', 1, 6, 1, 3, 3, 28, 5, 1, 1, '2010-11-03 13:18:15', '127.0.0.1', NULL, NULL, NULL),
(13, 'Avanzado Jueves Mañana 6', '1', 4, '12:30:00', '13:30:00', '2010-07-01', '2010-11-03', 1, 6, 1, 3, 3, 28, 5, 1, 1, '2010-11-03 13:18:15', '127.0.0.1', NULL, NULL, NULL);


INSERT INTO `lessons_assistants` (`id`, `id_lesson`, `id_user`, `user_desc`, `user_phone`, `status`, `sign_date`, `unsubscription_date`, `last_payd_date`, `create_user`, `create_time`, `create_ip`, `modify_user`, `modify_time`, `modify_ip`) VALUES
(1, 2, 10, NULL, NULL, 2, '2010-11-08', NULL, '2010-11-08', NULL, NULL, NULL, NULL, NULL, NULL),
(2, 2, 0, 'Felipe Martin', '658968759', 2, '2010-10-05', NULL, '2010-10-28', NULL, NULL, NULL, NULL, NULL, NULL);


INSERT INTO `lessons_prices` (`id`, `id_lesson`, `id_group`, `entire`, `monthly`, `unique`, `signin`, `create_user`, `create_time`, `create_ip`, `modify_user`, `modify_time`, `modify_ip`) VALUES
(1, 1, 0, 0.00, 24.00, 0.00, 10.00, NULL, NULL, NULL, NULL, NULL, NULL),
(2, 2, 0, 0.00, 29.00, 0.00, 15.00, NULL, NULL, NULL, NULL, NULL, NULL),
(3, 3, 0, 0.00, 35.00, 0.00, 15.00, NULL, NULL, NULL, NULL, NULL, NULL),
(4, 4, 0, 0.00, 41.00, 0.00, 18.00, NULL, NULL, NULL, NULL, NULL, NULL),
(5, 5, 0, 0.00, 42.00, 0.00, 15.00, NULL, NULL, NULL, NULL, NULL, NULL),
(6, 6, 0, 0.00, 35.00, 0.00, 15.00, NULL, NULL, NULL, NULL, NULL, NULL),
(7, 7, 0, 0.00, 41.00, 0.00, 18.00, NULL, NULL, NULL, NULL, NULL, NULL),
(8, 8, 0, 0.00, 42.00, 0.00, 15.00, NULL, NULL, NULL, NULL, NULL, NULL),
(9, 9, 0, 0.00, 35.00, 0.00, 15.00, NULL, NULL, NULL, NULL, NULL, NULL),
(10, 10, 0, 0.00, 41.00, 0.00, 18.00, NULL, NULL, NULL, NULL, NULL, NULL),
(11, 11, 0, 0.00, 42.00, 0.00, 15.00, NULL, NULL, NULL, NULL, NULL, NULL),
(12, 12, 0, 0.00, 42.00, 0.00, 15.00, NULL, NULL, NULL, NULL, NULL, NULL),
(13, 13, 0, 0.00, 42.00, 0.00, 15.00, NULL, NULL, NULL, NULL, NULL, NULL);


-- Crear el detalle de un horario de apertura
INSERT INTO  `time_tables_detail` (
`id` ,
`id_time_table` ,
`weekday` ,
`interval` ,
`status` ,
`create_user` ,
`create_time` ,
`modify_user` ,
`modify_time`
)
VALUES 
(NULL ,  '1',  '1', '09:30',  '1',  '1',  '2010-07-05 02:55:43', NULL , NULL),
(NULL ,  '1',  '1', '10:00',  '1',  '1',  '2010-07-05 02:55:38', NULL , NULL), 
(NULL ,  '1',  '1', '10:30',  '1',  '1',  '2010-07-05 02:55:43', NULL , NULL),
(NULL ,  '1',  '1', '11:00',  '1',  '1',  '2010-07-05 02:55:38', NULL , NULL), 
(NULL ,  '1',  '1', '11:30',  '1',  '1',  '2010-07-05 02:55:43', NULL , NULL),
(NULL ,  '1',  '1', '12:00',  '1',  '1',  '2010-07-05 02:55:38', NULL , NULL), 
(NULL ,  '1',  '1', '12:30',  '1',  '1',  '2010-07-05 02:55:43', NULL , NULL),
(NULL ,  '1',  '1', '13:00',  '1',  '1',  '2010-07-05 02:55:38', NULL , NULL), 
(NULL ,  '1',  '1', '13:30',  '1',  '1',  '2010-07-05 02:55:43', NULL , NULL),
(NULL ,  '1',  '1', '14:00',  '0',  '1',  '2010-07-05 02:55:38', NULL , NULL), 
(NULL ,  '1',  '1', '14:30',  '0',  '1',  '2010-07-05 02:55:43', NULL , NULL),
(NULL ,  '1',  '1', '15:00',  '1',  '1',  '2010-07-05 02:55:38', NULL , NULL), 
(NULL ,  '1',  '1', '15:30',  '1',  '1',  '2010-07-05 02:55:43', NULL , NULL),
(NULL ,  '1',  '1', '16:00',  '1',  '1',  '2010-07-05 02:55:38', NULL , NULL), 
(NULL ,  '1',  '1', '16:30',  '1',  '1',  '2010-07-05 02:55:43', NULL , NULL),
(NULL ,  '1',  '1', '17:00',  '1',  '1',  '2010-07-05 02:55:38', NULL , NULL), 
(NULL ,  '1',  '1', '17:30',  '1',  '1',  '2010-07-05 02:55:43', NULL , NULL),
(NULL ,  '1',  '1', '18:00',  '1',  '1',  '2010-07-05 02:55:38', NULL , NULL), 
(NULL ,  '1',  '1', '18:30',  '1',  '1',  '2010-07-05 02:55:43', NULL , NULL),
(NULL ,  '1',  '1', '19:00',  '1',  '1',  '2010-07-05 02:55:38', NULL , NULL), 
(NULL ,  '1',  '1', '19:30',  '1',  '1',  '2010-07-05 02:55:43', NULL , NULL),
(NULL ,  '1',  '1', '20:00',  '1',  '1',  '2010-07-05 02:55:38', NULL , NULL), 
(NULL ,  '1',  '1', '20:30',  '1',  '1',  '2010-07-05 02:55:43', NULL , NULL),
(NULL ,  '1',  '1', '21:00',  '1',  '1',  '2010-07-05 02:55:38', NULL , NULL), 
(NULL ,  '1',  '1', '21:30',  '1',  '1',  '2010-07-05 02:55:43', NULL , NULL),
(NULL ,  '1',  '1', '22:00',  '1',  '1',  '2010-07-05 02:55:38', NULL , NULL), 
(NULL ,  '1',  '1', '22:30',  '1',  '1',  '2010-07-05 02:55:43', NULL , NULL),
(NULL ,  '1',  '2', '09:30',  '1',  '1',  '2010-07-05 02:55:43', NULL , NULL),
(NULL ,  '1',  '2', '10:00',  '1',  '1',  '2010-07-05 02:55:38', NULL , NULL), 
(NULL ,  '1',  '2', '10:30',  '1',  '1',  '2010-07-05 02:55:43', NULL , NULL),
(NULL ,  '1',  '2', '11:00',  '1',  '1',  '2010-07-05 02:55:38', NULL , NULL), 
(NULL ,  '1',  '2', '11:30',  '1',  '1',  '2010-07-05 02:55:43', NULL , NULL),
(NULL ,  '1',  '2', '12:00',  '1',  '1',  '2010-07-05 02:55:38', NULL , NULL), 
(NULL ,  '1',  '2', '12:30',  '1',  '1',  '2010-07-05 02:55:43', NULL , NULL),
(NULL ,  '1',  '2', '13:00',  '1',  '1',  '2010-07-05 02:55:38', NULL , NULL), 
(NULL ,  '1',  '2', '13:30',  '1',  '1',  '2010-07-05 02:55:43', NULL , NULL),
(NULL ,  '1',  '2', '14:00',  '0',  '1',  '2010-07-05 02:55:38', NULL , NULL), 
(NULL ,  '1',  '2', '14:30',  '0',  '1',  '2010-07-05 02:55:43', NULL , NULL),
(NULL ,  '1',  '2', '15:00',  '1',  '1',  '2010-07-05 02:55:38', NULL , NULL), 
(NULL ,  '1',  '2', '15:30',  '1',  '1',  '2010-07-05 02:55:43', NULL , NULL),
(NULL ,  '1',  '2', '16:00',  '1',  '1',  '2010-07-05 02:55:38', NULL , NULL), 
(NULL ,  '1',  '2', '16:30',  '1',  '1',  '2010-07-05 02:55:43', NULL , NULL),
(NULL ,  '1',  '2', '17:00',  '1',  '1',  '2010-07-05 02:55:38', NULL , NULL), 
(NULL ,  '1',  '2', '17:30',  '1',  '1',  '2010-07-05 02:55:43', NULL , NULL),
(NULL ,  '1',  '2', '18:00',  '1',  '1',  '2010-07-05 02:55:38', NULL , NULL), 
(NULL ,  '1',  '2', '18:30',  '1',  '1',  '2010-07-05 02:55:43', NULL , NULL),
(NULL ,  '1',  '2', '19:00',  '1',  '1',  '2010-07-05 02:55:38', NULL , NULL), 
(NULL ,  '1',  '2', '19:30',  '1',  '1',  '2010-07-05 02:55:43', NULL , NULL),
(NULL ,  '1',  '2', '20:00',  '1',  '1',  '2010-07-05 02:55:38', NULL , NULL), 
(NULL ,  '1',  '2', '20:30',  '1',  '1',  '2010-07-05 02:55:43', NULL , NULL),
(NULL ,  '1',  '2', '21:00',  '1',  '1',  '2010-07-05 02:55:38', NULL , NULL), 
(NULL ,  '1',  '2', '21:30',  '1',  '1',  '2010-07-05 02:55:43', NULL , NULL),
(NULL ,  '1',  '2', '22:00',  '1',  '1',  '2010-07-05 02:55:38', NULL , NULL), 
(NULL ,  '1',  '2', '22:30',  '1',  '1',  '2010-07-05 02:55:43', NULL , NULL),
(NULL ,  '1',  '3', '09:30',  '1',  '1',  '2010-07-05 02:55:43', NULL , NULL),
(NULL ,  '1',  '3', '10:00',  '1',  '1',  '2010-07-05 02:55:38', NULL , NULL), 
(NULL ,  '1',  '3', '10:30',  '1',  '1',  '2010-07-05 02:55:43', NULL , NULL),
(NULL ,  '1',  '3', '11:00',  '1',  '1',  '2010-07-05 02:55:38', NULL , NULL), 
(NULL ,  '1',  '3', '11:30',  '1',  '1',  '2010-07-05 02:55:43', NULL , NULL),
(NULL ,  '1',  '3', '12:00',  '1',  '1',  '2010-07-05 02:55:38', NULL , NULL), 
(NULL ,  '1',  '3', '12:30',  '1',  '1',  '2010-07-05 02:55:43', NULL , NULL),
(NULL ,  '1',  '3', '13:00',  '1',  '1',  '2010-07-05 02:55:38', NULL , NULL), 
(NULL ,  '1',  '3', '13:30',  '1',  '1',  '2010-07-05 02:55:43', NULL , NULL),
(NULL ,  '1',  '3', '14:00',  '0',  '1',  '2010-07-05 02:55:38', NULL , NULL), 
(NULL ,  '1',  '3', '14:30',  '0',  '1',  '2010-07-05 02:55:43', NULL , NULL),
(NULL ,  '1',  '3', '15:00',  '1',  '1',  '2010-07-05 02:55:38', NULL , NULL), 
(NULL ,  '1',  '3', '15:30',  '1',  '1',  '2010-07-05 02:55:43', NULL , NULL),
(NULL ,  '1',  '3', '16:00',  '1',  '1',  '2010-07-05 02:55:38', NULL , NULL), 
(NULL ,  '1',  '3', '16:30',  '1',  '1',  '2010-07-05 02:55:43', NULL , NULL),
(NULL ,  '1',  '3', '17:00',  '1',  '1',  '2010-07-05 02:55:38', NULL , NULL), 
(NULL ,  '1',  '3', '17:30',  '1',  '1',  '2010-07-05 02:55:43', NULL , NULL),
(NULL ,  '1',  '3', '18:00',  '1',  '1',  '2010-07-05 02:55:38', NULL , NULL), 
(NULL ,  '1',  '3', '18:30',  '1',  '1',  '2010-07-05 02:55:43', NULL , NULL),
(NULL ,  '1',  '3', '19:00',  '1',  '1',  '2010-07-05 02:55:38', NULL , NULL), 
(NULL ,  '1',  '3', '19:30',  '1',  '1',  '2010-07-05 02:55:43', NULL , NULL),
(NULL ,  '1',  '3', '20:00',  '1',  '1',  '2010-07-05 02:55:38', NULL , NULL), 
(NULL ,  '1',  '3', '20:30',  '1',  '1',  '2010-07-05 02:55:43', NULL , NULL),
(NULL ,  '1',  '3', '21:00',  '1',  '1',  '2010-07-05 02:55:38', NULL , NULL), 
(NULL ,  '1',  '3', '21:30',  '1',  '1',  '2010-07-05 02:55:43', NULL , NULL),
(NULL ,  '1',  '3', '22:00',  '1',  '1',  '2010-07-05 02:55:38', NULL , NULL), 
(NULL ,  '1',  '3', '22:30',  '1',  '1',  '2010-07-05 02:55:43', NULL , NULL),
(NULL ,  '1',  '4', '09:30',  '1',  '1',  '2010-07-05 02:55:43', NULL , NULL),
(NULL ,  '1',  '4', '10:00',  '1',  '1',  '2010-07-05 02:55:38', NULL , NULL), 
(NULL ,  '1',  '4', '10:30',  '1',  '1',  '2010-07-05 02:55:43', NULL , NULL),
(NULL ,  '1',  '4', '11:00',  '1',  '1',  '2010-07-05 02:55:38', NULL , NULL), 
(NULL ,  '1',  '4', '11:30',  '1',  '1',  '2010-07-05 02:55:43', NULL , NULL),
(NULL ,  '1',  '4', '12:00',  '1',  '1',  '2010-07-05 02:55:38', NULL , NULL), 
(NULL ,  '1',  '4', '12:30',  '1',  '1',  '2010-07-05 02:55:43', NULL , NULL),
(NULL ,  '1',  '4', '13:00',  '1',  '1',  '2010-07-05 02:55:38', NULL , NULL), 
(NULL ,  '1',  '4', '13:30',  '1',  '1',  '2010-07-05 02:55:43', NULL , NULL),
(NULL ,  '1',  '4', '14:00',  '0',  '1',  '2010-07-05 02:55:38', NULL , NULL), 
(NULL ,  '1',  '4', '14:30',  '0',  '1',  '2010-07-05 02:55:43', NULL , NULL),
(NULL ,  '1',  '4', '15:00',  '1',  '1',  '2010-07-05 02:55:38', NULL , NULL), 
(NULL ,  '1',  '4', '15:30',  '1',  '1',  '2010-07-05 02:55:43', NULL , NULL),
(NULL ,  '1',  '4', '16:00',  '1',  '1',  '2010-07-05 02:55:38', NULL , NULL), 
(NULL ,  '1',  '4', '16:30',  '1',  '1',  '2010-07-05 02:55:43', NULL , NULL),
(NULL ,  '1',  '4', '17:00',  '1',  '1',  '2010-07-05 02:55:38', NULL , NULL), 
(NULL ,  '1',  '4', '17:30',  '1',  '1',  '2010-07-05 02:55:43', NULL , NULL),
(NULL ,  '1',  '4', '18:00',  '1',  '1',  '2010-07-05 02:55:38', NULL , NULL), 
(NULL ,  '1',  '4', '18:30',  '1',  '1',  '2010-07-05 02:55:43', NULL , NULL),
(NULL ,  '1',  '4', '19:00',  '1',  '1',  '2010-07-05 02:55:38', NULL , NULL), 
(NULL ,  '1',  '4', '19:30',  '1',  '1',  '2010-07-05 02:55:43', NULL , NULL),
(NULL ,  '1',  '4', '20:00',  '1',  '1',  '2010-07-05 02:55:38', NULL , NULL), 
(NULL ,  '1',  '4', '20:30',  '1',  '1',  '2010-07-05 02:55:43', NULL , NULL),
(NULL ,  '1',  '4', '21:00',  '1',  '1',  '2010-07-05 02:55:38', NULL , NULL), 
(NULL ,  '1',  '4', '21:30',  '1',  '1',  '2010-07-05 02:55:43', NULL , NULL),
(NULL ,  '1',  '4', '22:00',  '1',  '1',  '2010-07-05 02:55:38', NULL , NULL), 
(NULL ,  '1',  '4', '22:30',  '1',  '1',  '2010-07-05 02:55:43', NULL , NULL),
(NULL ,  '1',  '5', '09:30',  '1',  '1',  '2010-07-05 02:55:43', NULL , NULL),
(NULL ,  '1',  '5', '10:00',  '1',  '1',  '2010-07-05 02:55:38', NULL , NULL), 
(NULL ,  '1',  '5', '10:30',  '1',  '1',  '2010-07-05 02:55:43', NULL , NULL),
(NULL ,  '1',  '5', '11:00',  '1',  '1',  '2010-07-05 02:55:38', NULL , NULL), 
(NULL ,  '1',  '5', '11:30',  '1',  '1',  '2010-07-05 02:55:43', NULL , NULL),
(NULL ,  '1',  '5', '12:00',  '1',  '1',  '2010-07-05 02:55:38', NULL , NULL), 
(NULL ,  '1',  '5', '12:30',  '1',  '1',  '2010-07-05 02:55:43', NULL , NULL),
(NULL ,  '1',  '5', '13:00',  '1',  '1',  '2010-07-05 02:55:38', NULL , NULL), 
(NULL ,  '1',  '5', '13:30',  '1',  '1',  '2010-07-05 02:55:43', NULL , NULL),
(NULL ,  '1',  '5', '14:00',  '0',  '1',  '2010-07-05 02:55:38', NULL , NULL), 
(NULL ,  '1',  '5', '14:30',  '0',  '1',  '2010-07-05 02:55:43', NULL , NULL),
(NULL ,  '1',  '5', '15:00',  '1',  '1',  '2010-07-05 02:55:38', NULL , NULL), 
(NULL ,  '1',  '5', '15:30',  '1',  '1',  '2010-07-05 02:55:43', NULL , NULL),
(NULL ,  '1',  '5', '16:00',  '1',  '1',  '2010-07-05 02:55:38', NULL , NULL), 
(NULL ,  '1',  '5', '16:30',  '1',  '1',  '2010-07-05 02:55:43', NULL , NULL),
(NULL ,  '1',  '5', '17:00',  '1',  '1',  '2010-07-05 02:55:38', NULL , NULL), 
(NULL ,  '1',  '5', '17:30',  '1',  '1',  '2010-07-05 02:55:43', NULL , NULL),
(NULL ,  '1',  '5', '18:00',  '1',  '1',  '2010-07-05 02:55:38', NULL , NULL), 
(NULL ,  '1',  '5', '18:30',  '1',  '1',  '2010-07-05 02:55:43', NULL , NULL),
(NULL ,  '1',  '5', '19:00',  '1',  '1',  '2010-07-05 02:55:38', NULL , NULL), 
(NULL ,  '1',  '5', '19:30',  '1',  '1',  '2010-07-05 02:55:43', NULL , NULL),
(NULL ,  '1',  '5', '20:00',  '1',  '1',  '2010-07-05 02:55:38', NULL , NULL), 
(NULL ,  '1',  '5', '20:30',  '1',  '1',  '2010-07-05 02:55:43', NULL , NULL),
(NULL ,  '1',  '5', '21:00',  '1',  '1',  '2010-07-05 02:55:38', NULL , NULL), 
(NULL ,  '1',  '5', '21:30',  '1',  '1',  '2010-07-05 02:55:43', NULL , NULL),
(NULL ,  '1',  '5', '22:00',  '1',  '1',  '2010-07-05 02:55:38', NULL , NULL), 
(NULL ,  '1',  '5', '22:30',  '1',  '1',  '2010-07-05 02:55:43', NULL , NULL),
(NULL ,  '1',  '6', '09:30',  '1',  '1',  '2010-07-05 02:55:43', NULL , NULL),
(NULL ,  '1',  '6', '10:00',  '1',  '1',  '2010-07-05 02:55:38', NULL , NULL), 
(NULL ,  '1',  '6', '10:30',  '1',  '1',  '2010-07-05 02:55:43', NULL , NULL),
(NULL ,  '1',  '6', '11:00',  '1',  '1',  '2010-07-05 02:55:38', NULL , NULL), 
(NULL ,  '1',  '6', '11:30',  '1',  '1',  '2010-07-05 02:55:43', NULL , NULL),
(NULL ,  '1',  '6', '12:00',  '1',  '1',  '2010-07-05 02:55:38', NULL , NULL), 
(NULL ,  '1',  '6', '12:30',  '1',  '1',  '2010-07-05 02:55:43', NULL , NULL),
(NULL ,  '1',  '6', '13:00',  '1',  '1',  '2010-07-05 02:55:38', NULL , NULL), 
(NULL ,  '1',  '6', '13:30',  '1',  '1',  '2010-07-05 02:55:43', NULL , NULL),
(NULL ,  '1',  '6', '14:00',  '0',  '1',  '2010-07-05 02:55:38', NULL , NULL), 
(NULL ,  '1',  '6', '14:30',  '0',  '1',  '2010-07-05 02:55:43', NULL , NULL),
(NULL ,  '1',  '6', '15:00',  '1',  '1',  '2010-07-05 02:55:38', NULL , NULL), 
(NULL ,  '1',  '6', '15:30',  '1',  '1',  '2010-07-05 02:55:43', NULL , NULL),
(NULL ,  '1',  '6', '16:00',  '1',  '1',  '2010-07-05 02:55:38', NULL , NULL), 
(NULL ,  '1',  '6', '16:30',  '1',  '1',  '2010-07-05 02:55:43', NULL , NULL),
(NULL ,  '1',  '6', '17:00',  '1',  '1',  '2010-07-05 02:55:38', NULL , NULL), 
(NULL ,  '1',  '6', '17:30',  '1',  '1',  '2010-07-05 02:55:43', NULL , NULL),
(NULL ,  '1',  '6', '18:00',  '1',  '1',  '2010-07-05 02:55:38', NULL , NULL), 
(NULL ,  '1',  '6', '18:30',  '1',  '1',  '2010-07-05 02:55:43', NULL , NULL),
(NULL ,  '1',  '6', '19:00',  '1',  '1',  '2010-07-05 02:55:38', NULL , NULL), 
(NULL ,  '1',  '6', '19:30',  '1',  '1',  '2010-07-05 02:55:43', NULL , NULL),
(NULL ,  '1',  '6', '20:00',  '1',  '1',  '2010-07-05 02:55:38', NULL , NULL), 
(NULL ,  '1',  '6', '20:30',  '1',  '1',  '2010-07-05 02:55:43', NULL , NULL),
(NULL ,  '1',  '6', '21:00',  '1',  '1',  '2010-07-05 02:55:38', NULL , NULL), 
(NULL ,  '1',  '6', '21:30',  '1',  '1',  '2010-07-05 02:55:43', NULL , NULL),
(NULL ,  '1',  '6', '22:00',  '1',  '1',  '2010-07-05 02:55:38', NULL , NULL), 
(NULL ,  '1',  '6', '22:30',  '1',  '1',  '2010-07-05 02:55:43', NULL , NULL),
(NULL ,  '1',  '7', '09:30',  '1',  '1',  '2010-07-05 02:55:43', NULL , NULL),
(NULL ,  '1',  '7', '10:00',  '1',  '1',  '2010-07-05 02:55:38', NULL , NULL), 
(NULL ,  '1',  '7', '10:30',  '1',  '1',  '2010-07-05 02:55:43', NULL , NULL),
(NULL ,  '1',  '7', '11:00',  '1',  '1',  '2010-07-05 02:55:38', NULL , NULL), 
(NULL ,  '1',  '7', '11:30',  '1',  '1',  '2010-07-05 02:55:43', NULL , NULL),
(NULL ,  '1',  '7', '12:00',  '1',  '1',  '2010-07-05 02:55:38', NULL , NULL), 
(NULL ,  '1',  '7', '12:30',  '1',  '1',  '2010-07-05 02:55:43', NULL , NULL),
(NULL ,  '1',  '7', '13:00',  '1',  '1',  '2010-07-05 02:55:38', NULL , NULL), 
(NULL ,  '1',  '7', '13:30',  '1',  '1',  '2010-07-05 02:55:43', NULL , NULL),
(NULL ,  '1',  '7', '14:00',  '0',  '1',  '2010-07-05 02:55:38', NULL , NULL), 
(NULL ,  '1',  '7', '14:30',  '0',  '1',  '2010-07-05 02:55:43', NULL , NULL),
(NULL ,  '1',  '7', '15:00',  '1',  '1',  '2010-07-05 02:55:38', NULL , NULL), 
(NULL ,  '1',  '7', '15:30',  '1',  '1',  '2010-07-05 02:55:43', NULL , NULL),
(NULL ,  '1',  '7', '16:00',  '1',  '1',  '2010-07-05 02:55:38', NULL , NULL), 
(NULL ,  '1',  '7', '16:30',  '1',  '1',  '2010-07-05 02:55:43', NULL , NULL),
(NULL ,  '1',  '7', '17:00',  '1',  '1',  '2010-07-05 02:55:38', NULL , NULL), 
(NULL ,  '1',  '7', '17:30',  '1',  '1',  '2010-07-05 02:55:43', NULL , NULL),
(NULL ,  '1',  '7', '18:00',  '1',  '1',  '2010-07-05 02:55:38', NULL , NULL), 
(NULL ,  '1',  '7', '18:30',  '1',  '1',  '2010-07-05 02:55:43', NULL , NULL),
(NULL ,  '1',  '7', '19:00',  '1',  '1',  '2010-07-05 02:55:38', NULL , NULL), 
(NULL ,  '1',  '7', '19:30',  '1',  '1',  '2010-07-05 02:55:43', NULL , NULL),
(NULL ,  '1',  '7', '20:00',  '1',  '1',  '2010-07-05 02:55:38', NULL , NULL), 
(NULL ,  '1',  '7', '20:30',  '1',  '1',  '2010-07-05 02:55:43', NULL , NULL),
(NULL ,  '1',  '7', '21:00',  '1',  '1',  '2010-07-05 02:55:38', NULL , NULL), 
(NULL ,  '1',  '7', '21:30',  '1',  '1',  '2010-07-05 02:55:43', NULL , NULL),
(NULL ,  '1',  '7', '22:00',  '1',  '1',  '2010-07-05 02:55:38', NULL , NULL), 
(NULL ,  '1',  '7', '22:30',  '1',  '1',  '2010-07-05 02:55:43', NULL , NULL),
(NULL ,  '2',  '1', '12:00',  '1',  '1',  '2010-07-05 02:55:38', NULL , NULL), 
(NULL ,  '2',  '1', '12:30',  '1',  '1',  '2010-07-05 02:55:43', NULL , NULL),
(NULL ,  '2',  '1', '13:00',  '1',  '1',  '2010-07-05 02:55:38', NULL , NULL), 
(NULL ,  '2',  '1', '13:30',  '1',  '1',  '2010-07-05 02:55:43', NULL , NULL),
(NULL ,  '2',  '1', '14:00',  '1',  '1',  '2010-07-05 02:55:38', NULL , NULL), 
(NULL ,  '2',  '1', '14:30',  '1',  '1',  '2010-07-05 02:55:43', NULL , NULL),
(NULL ,  '2',  '1', '15:00',  '1',  '1',  '2010-07-05 02:55:38', NULL , NULL), 
(NULL ,  '2',  '1', '15:30',  '1',  '1',  '2010-07-05 02:55:43', NULL , NULL),
(NULL ,  '2',  '1', '16:00',  '1',  '1',  '2010-07-05 02:55:38', NULL , NULL)

;


-- Crear el detalle de tarifas

INSERT INTO  `prices_by_time` (
`id` ,
`id_price` ,
`weekday` ,
`time` ,
`quantity` ,
`create_user` ,
`create_time` ,
`modify_user` ,
`modify_time`
)
VALUES 
(NULL ,  '1',  '1',  '09:30:00',  '4',  '0',  '2010-07-21 23:21:04', NULL , NULL), 
(NULL ,  '1',  '1',  '10:00:00',  '4',  '0',  '2010-07-21 23:21:57', NULL , NULL),
(NULL ,  '1',  '1',  '10:30:00',  '4',  '0',  '2010-07-21 23:21:04', NULL , NULL), 
(NULL ,  '1',  '1',  '11:00:00',  '4',  '0',  '2010-07-21 23:21:57', NULL , NULL),
(NULL ,  '1',  '1',  '11:30:00',  '4',  '0',  '2010-07-21 23:21:04', NULL , NULL), 
(NULL ,  '1',  '1',  '12:00:00',  '4',  '0',  '2010-07-21 23:21:57', NULL , NULL),
(NULL ,  '1',  '1',  '12:30:00',  '4',  '0',  '2010-07-21 23:21:04', NULL , NULL), 
(NULL ,  '1',  '1',  '13:00:00',  '4',  '0',  '2010-07-21 23:21:57', NULL , NULL),
(NULL ,  '1',  '1',  '13:30:00',  '4',  '0',  '2010-07-21 23:21:04', NULL , NULL), 
(NULL ,  '1',  '1',  '14:00:00',  '4',  '0',  '2010-07-21 23:21:57', NULL , NULL),
(NULL ,  '1',  '1',  '14:30:00',  '4',  '0',  '2010-07-21 23:21:04', NULL , NULL), 
(NULL ,  '1',  '1',  '15:00:00',  '4',  '0',  '2010-07-21 23:21:57', NULL , NULL),
(NULL ,  '1',  '1',  '15:30:00',  '4',  '0',  '2010-07-21 23:21:04', NULL , NULL), 
(NULL ,  '1',  '1',  '16:00:00',  '5',  '0',  '2010-07-21 23:21:57', NULL , NULL),
(NULL ,  '1',  '1',  '16:30:00',  '5',  '0',  '2010-07-21 23:21:04', NULL , NULL), 
(NULL ,  '1',  '1',  '17:00:00',  '5',  '0',  '2010-07-21 23:21:57', NULL , NULL),
(NULL ,  '1',  '1',  '17:30:00',  '5',  '0',  '2010-07-21 23:21:04', NULL , NULL), 
(NULL ,  '1',  '1',  '18:00:00',  '5',  '0',  '2010-07-21 23:21:57', NULL , NULL),
(NULL ,  '1',  '1',  '18:30:00',  '5',  '0',  '2010-07-21 23:21:04', NULL , NULL), 
(NULL ,  '1',  '1',  '19:00:00',  '5',  '0',  '2010-07-21 23:21:57', NULL , NULL),
(NULL ,  '1',  '1',  '19:30:00',  '5',  '0',  '2010-07-21 23:21:04', NULL , NULL), 
(NULL ,  '1',  '1',  '20:00:00',  '5',  '0',  '2010-07-21 23:21:57', NULL , NULL),
(NULL ,  '1',  '1',  '20:30:00',  '5',  '0',  '2010-07-21 23:21:04', NULL , NULL), 
(NULL ,  '1',  '1',  '21:00:00',  '5',  '0',  '2010-07-21 23:21:57', NULL , NULL),
(NULL ,  '1',  '1',  '21:30:00',  '5',  '0',  '2010-07-21 23:21:04', NULL , NULL), 
(NULL ,  '1',  '2',  '09:30:00',  '4',  '0',  '2010-07-21 23:21:04', NULL , NULL), 
(NULL ,  '1',  '2',  '10:00:00',  '4',  '0',  '2010-07-21 23:21:57', NULL , NULL),
(NULL ,  '1',  '2',  '10:30:00',  '4',  '0',  '2010-07-21 23:21:04', NULL , NULL), 
(NULL ,  '1',  '2',  '11:00:00',  '4',  '0',  '2010-07-21 23:21:57', NULL , NULL),
(NULL ,  '1',  '2',  '11:30:00',  '4',  '0',  '2010-07-21 23:21:04', NULL , NULL), 
(NULL ,  '1',  '2',  '12:00:00',  '4',  '0',  '2010-07-21 23:21:57', NULL , NULL),
(NULL ,  '1',  '2',  '12:30:00',  '4',  '0',  '2010-07-21 23:21:04', NULL , NULL), 
(NULL ,  '1',  '2',  '13:00:00',  '4',  '0',  '2010-07-21 23:21:57', NULL , NULL),
(NULL ,  '1',  '2',  '13:30:00',  '4',  '0',  '2010-07-21 23:21:04', NULL , NULL), 
(NULL ,  '1',  '2',  '14:00:00',  '4',  '0',  '2010-07-21 23:21:57', NULL , NULL),
(NULL ,  '1',  '2',  '14:30:00',  '4',  '0',  '2010-07-21 23:21:04', NULL , NULL), 
(NULL ,  '1',  '2',  '15:00:00',  '4',  '0',  '2010-07-21 23:21:57', NULL , NULL),
(NULL ,  '1',  '2',  '15:30:00',  '4',  '0',  '2010-07-21 23:21:04', NULL , NULL), 
(NULL ,  '1',  '2',  '16:00:00',  '5',  '0',  '2010-07-21 23:21:57', NULL , NULL),
(NULL ,  '1',  '2',  '16:30:00',  '5',  '0',  '2010-07-21 23:21:04', NULL , NULL), 
(NULL ,  '1',  '2',  '17:00:00',  '5',  '0',  '2010-07-21 23:21:57', NULL , NULL),
(NULL ,  '1',  '2',  '17:30:00',  '5',  '0',  '2010-07-21 23:21:04', NULL , NULL), 
(NULL ,  '1',  '2',  '18:00:00',  '5',  '0',  '2010-07-21 23:21:57', NULL , NULL),
(NULL ,  '1',  '2',  '18:30:00',  '5',  '0',  '2010-07-21 23:21:04', NULL , NULL), 
(NULL ,  '1',  '2',  '19:00:00',  '5',  '0',  '2010-07-21 23:21:57', NULL , NULL),
(NULL ,  '1',  '2',  '19:30:00',  '5',  '0',  '2010-07-21 23:21:04', NULL , NULL), 
(NULL ,  '1',  '2',  '20:00:00',  '5',  '0',  '2010-07-21 23:21:57', NULL , NULL),
(NULL ,  '1',  '2',  '20:30:00',  '5',  '0',  '2010-07-21 23:21:04', NULL , NULL), 
(NULL ,  '1',  '2',  '21:00:00',  '5',  '0',  '2010-07-21 23:21:57', NULL , NULL),
(NULL ,  '1',  '2',  '21:30:00',  '5',  '0',  '2010-07-21 23:21:04', NULL , NULL), 
(NULL ,  '1',  '3',  '09:30:00',  '4',  '0',  '2010-07-21 23:21:04', NULL , NULL), 
(NULL ,  '1',  '3',  '10:00:00',  '4',  '0',  '2010-07-21 23:21:57', NULL , NULL),
(NULL ,  '1',  '3',  '10:30:00',  '4',  '0',  '2010-07-21 23:21:04', NULL , NULL), 
(NULL ,  '1',  '3',  '11:00:00',  '4',  '0',  '2010-07-21 23:21:57', NULL , NULL),
(NULL ,  '1',  '3',  '11:30:00',  '4',  '0',  '2010-07-21 23:21:04', NULL , NULL), 
(NULL ,  '1',  '3',  '12:00:00',  '4',  '0',  '2010-07-21 23:21:57', NULL , NULL),
(NULL ,  '1',  '3',  '12:30:00',  '4',  '0',  '2010-07-21 23:21:04', NULL , NULL), 
(NULL ,  '1',  '3',  '13:00:00',  '4',  '0',  '2010-07-21 23:21:57', NULL , NULL),
(NULL ,  '1',  '3',  '13:30:00',  '4',  '0',  '2010-07-21 23:21:04', NULL , NULL), 
(NULL ,  '1',  '3',  '14:00:00',  '4',  '0',  '2010-07-21 23:21:57', NULL , NULL),
(NULL ,  '1',  '3',  '14:30:00',  '4',  '0',  '2010-07-21 23:21:04', NULL , NULL), 
(NULL ,  '1',  '3',  '15:00:00',  '4',  '0',  '2010-07-21 23:21:57', NULL , NULL),
(NULL ,  '1',  '3',  '15:30:00',  '4',  '0',  '2010-07-21 23:21:04', NULL , NULL), 
(NULL ,  '1',  '3',  '16:00:00',  '5',  '0',  '2010-07-21 23:21:57', NULL , NULL),
(NULL ,  '1',  '3',  '16:30:00',  '5',  '0',  '2010-07-21 23:21:04', NULL , NULL), 
(NULL ,  '1',  '3',  '17:00:00',  '5',  '0',  '2010-07-21 23:21:57', NULL , NULL),
(NULL ,  '1',  '3',  '17:30:00',  '5',  '0',  '2010-07-21 23:21:04', NULL , NULL), 
(NULL ,  '1',  '3',  '18:00:00',  '5',  '0',  '2010-07-21 23:21:57', NULL , NULL),
(NULL ,  '1',  '3',  '18:30:00',  '5',  '0',  '2010-07-21 23:21:04', NULL , NULL), 
(NULL ,  '1',  '3',  '19:00:00',  '5',  '0',  '2010-07-21 23:21:57', NULL , NULL),
(NULL ,  '1',  '3',  '19:30:00',  '5',  '0',  '2010-07-21 23:21:04', NULL , NULL), 
(NULL ,  '1',  '3',  '20:00:00',  '5',  '0',  '2010-07-21 23:21:57', NULL , NULL),
(NULL ,  '1',  '3',  '20:30:00',  '5',  '0',  '2010-07-21 23:21:04', NULL , NULL), 
(NULL ,  '1',  '3',  '21:00:00',  '5',  '0',  '2010-07-21 23:21:57', NULL , NULL),
(NULL ,  '1',  '3',  '21:30:00',  '5',  '0',  '2010-07-21 23:21:04', NULL , NULL), 
(NULL ,  '1',  '4',  '09:30:00',  '4',  '0',  '2010-07-21 23:21:04', NULL , NULL), 
(NULL ,  '1',  '4',  '10:00:00',  '4',  '0',  '2010-07-21 23:21:57', NULL , NULL),
(NULL ,  '1',  '4',  '10:30:00',  '4',  '0',  '2010-07-21 23:21:04', NULL , NULL), 
(NULL ,  '1',  '4',  '11:00:00',  '4',  '0',  '2010-07-21 23:21:57', NULL , NULL),
(NULL ,  '1',  '4',  '11:30:00',  '4',  '0',  '2010-07-21 23:21:04', NULL , NULL), 
(NULL ,  '1',  '4',  '12:00:00',  '4',  '0',  '2010-07-21 23:21:57', NULL , NULL),
(NULL ,  '1',  '4',  '12:30:00',  '4',  '0',  '2010-07-21 23:21:04', NULL , NULL), 
(NULL ,  '1',  '4',  '13:00:00',  '4',  '0',  '2010-07-21 23:21:57', NULL , NULL),
(NULL ,  '1',  '4',  '13:30:00',  '4',  '0',  '2010-07-21 23:21:04', NULL , NULL), 
(NULL ,  '1',  '4',  '14:00:00',  '4',  '0',  '2010-07-21 23:21:57', NULL , NULL),
(NULL ,  '1',  '4',  '14:30:00',  '4',  '0',  '2010-07-21 23:21:04', NULL , NULL), 
(NULL ,  '1',  '4',  '15:00:00',  '4',  '0',  '2010-07-21 23:21:57', NULL , NULL),
(NULL ,  '1',  '4',  '15:30:00',  '4',  '0',  '2010-07-21 23:21:04', NULL , NULL), 
(NULL ,  '1',  '4',  '16:00:00',  '5',  '0',  '2010-07-21 23:21:57', NULL , NULL),
(NULL ,  '1',  '4',  '16:30:00',  '5',  '0',  '2010-07-21 23:21:04', NULL , NULL), 
(NULL ,  '1',  '4',  '17:00:00',  '5',  '0',  '2010-07-21 23:21:57', NULL , NULL),
(NULL ,  '1',  '4',  '17:30:00',  '5',  '0',  '2010-07-21 23:21:04', NULL , NULL), 
(NULL ,  '1',  '4',  '18:00:00',  '5',  '0',  '2010-07-21 23:21:57', NULL , NULL),
(NULL ,  '1',  '4',  '18:30:00',  '5',  '0',  '2010-07-21 23:21:04', NULL , NULL), 
(NULL ,  '1',  '4',  '19:00:00',  '5',  '0',  '2010-07-21 23:21:57', NULL , NULL),
(NULL ,  '1',  '4',  '19:30:00',  '5',  '0',  '2010-07-21 23:21:04', NULL , NULL), 
(NULL ,  '1',  '4',  '20:00:00',  '5',  '0',  '2010-07-21 23:21:57', NULL , NULL),
(NULL ,  '1',  '4',  '20:30:00',  '5',  '0',  '2010-07-21 23:21:04', NULL , NULL), 
(NULL ,  '1',  '4',  '21:00:00',  '5',  '0',  '2010-07-21 23:21:57', NULL , NULL),
(NULL ,  '1',  '4',  '21:30:00',  '5',  '0',  '2010-07-21 23:21:04', NULL , NULL), 
(NULL ,  '1',  '5',  '09:30:00',  '4',  '0',  '2010-07-21 23:21:04', NULL , NULL), 
(NULL ,  '1',  '5',  '10:00:00',  '4',  '0',  '2010-07-21 23:21:57', NULL , NULL),
(NULL ,  '1',  '5',  '10:30:00',  '4',  '0',  '2010-07-21 23:21:04', NULL , NULL), 
(NULL ,  '1',  '5',  '11:00:00',  '4',  '0',  '2010-07-21 23:21:57', NULL , NULL),
(NULL ,  '1',  '5',  '11:30:00',  '4',  '0',  '2010-07-21 23:21:04', NULL , NULL), 
(NULL ,  '1',  '5',  '12:00:00',  '4',  '0',  '2010-07-21 23:21:57', NULL , NULL),
(NULL ,  '1',  '5',  '12:30:00',  '4',  '0',  '2010-07-21 23:21:04', NULL , NULL), 
(NULL ,  '1',  '5',  '13:00:00',  '4',  '0',  '2010-07-21 23:21:57', NULL , NULL),
(NULL ,  '1',  '5',  '13:30:00',  '4',  '0',  '2010-07-21 23:21:04', NULL , NULL), 
(NULL ,  '1',  '5',  '14:00:00',  '4',  '0',  '2010-07-21 23:21:57', NULL , NULL),
(NULL ,  '1',  '5',  '14:30:00',  '4',  '0',  '2010-07-21 23:21:04', NULL , NULL), 
(NULL ,  '1',  '5',  '15:00:00',  '4',  '0',  '2010-07-21 23:21:57', NULL , NULL),
(NULL ,  '1',  '5',  '15:30:00',  '4',  '0',  '2010-07-21 23:21:04', NULL , NULL), 
(NULL ,  '1',  '5',  '16:00:00',  '5',  '0',  '2010-07-21 23:21:57', NULL , NULL),
(NULL ,  '1',  '5',  '16:30:00',  '5',  '0',  '2010-07-21 23:21:04', NULL , NULL), 
(NULL ,  '1',  '5',  '17:00:00',  '5',  '0',  '2010-07-21 23:21:57', NULL , NULL),
(NULL ,  '1',  '5',  '17:30:00',  '5',  '0',  '2010-07-21 23:21:04', NULL , NULL), 
(NULL ,  '1',  '5',  '18:00:00',  '5',  '0',  '2010-07-21 23:21:57', NULL , NULL),
(NULL ,  '1',  '5',  '18:30:00',  '5',  '0',  '2010-07-21 23:21:04', NULL , NULL), 
(NULL ,  '1',  '5',  '19:00:00',  '5',  '0',  '2010-07-21 23:21:57', NULL , NULL),
(NULL ,  '1',  '5',  '19:30:00',  '5',  '0',  '2010-07-21 23:21:04', NULL , NULL), 
(NULL ,  '1',  '5',  '20:00:00',  '5',  '0',  '2010-07-21 23:21:57', NULL , NULL),
(NULL ,  '1',  '5',  '20:30:00',  '5',  '0',  '2010-07-21 23:21:04', NULL , NULL), 
(NULL ,  '1',  '5',  '21:00:00',  '5',  '0',  '2010-07-21 23:21:57', NULL , NULL),
(NULL ,  '1',  '5',  '21:30:00',  '5',  '0',  '2010-07-21 23:21:04', NULL , NULL), 
(NULL ,  '1',  '6',  '09:30:00',  '4',  '0',  '2010-07-21 23:21:04', NULL , NULL), 
(NULL ,  '1',  '6',  '10:00:00',  '4',  '0',  '2010-07-21 23:21:57', NULL , NULL),
(NULL ,  '1',  '6',  '10:30:00',  '4',  '0',  '2010-07-21 23:21:04', NULL , NULL), 
(NULL ,  '1',  '6',  '11:00:00',  '4',  '0',  '2010-07-21 23:21:57', NULL , NULL),
(NULL ,  '1',  '6',  '11:30:00',  '4',  '0',  '2010-07-21 23:21:04', NULL , NULL), 
(NULL ,  '1',  '6',  '12:00:00',  '4',  '0',  '2010-07-21 23:21:57', NULL , NULL),
(NULL ,  '1',  '6',  '12:30:00',  '4',  '0',  '2010-07-21 23:21:04', NULL , NULL), 
(NULL ,  '1',  '6',  '13:00:00',  '4',  '0',  '2010-07-21 23:21:57', NULL , NULL),
(NULL ,  '1',  '6',  '13:30:00',  '4',  '0',  '2010-07-21 23:21:04', NULL , NULL), 
(NULL ,  '1',  '6',  '14:00:00',  '4',  '0',  '2010-07-21 23:21:57', NULL , NULL),
(NULL ,  '1',  '6',  '14:30:00',  '4',  '0',  '2010-07-21 23:21:04', NULL , NULL), 
(NULL ,  '1',  '6',  '15:00:00',  '4',  '0',  '2010-07-21 23:21:57', NULL , NULL),
(NULL ,  '1',  '6',  '15:30:00',  '4',  '0',  '2010-07-21 23:21:04', NULL , NULL), 
(NULL ,  '1',  '6',  '16:00:00',  '5',  '0',  '2010-07-21 23:21:57', NULL , NULL),
(NULL ,  '1',  '6',  '16:30:00',  '5',  '0',  '2010-07-21 23:21:04', NULL , NULL), 
(NULL ,  '1',  '6',  '17:00:00',  '5',  '0',  '2010-07-21 23:21:57', NULL , NULL),
(NULL ,  '1',  '6',  '17:30:00',  '5',  '0',  '2010-07-21 23:21:04', NULL , NULL), 
(NULL ,  '1',  '6',  '18:00:00',  '5',  '0',  '2010-07-21 23:21:57', NULL , NULL),
(NULL ,  '1',  '6',  '18:30:00',  '5',  '0',  '2010-07-21 23:21:04', NULL , NULL), 
(NULL ,  '1',  '6',  '19:00:00',  '5',  '0',  '2010-07-21 23:21:57', NULL , NULL),
(NULL ,  '1',  '6',  '19:30:00',  '5',  '0',  '2010-07-21 23:21:04', NULL , NULL), 
(NULL ,  '1',  '6',  '20:00:00',  '5',  '0',  '2010-07-21 23:21:57', NULL , NULL),
(NULL ,  '1',  '6',  '20:30:00',  '5',  '0',  '2010-07-21 23:21:04', NULL , NULL), 
(NULL ,  '1',  '6',  '21:00:00',  '5',  '0',  '2010-07-21 23:21:57', NULL , NULL),
(NULL ,  '1',  '6',  '21:30:00',  '5',  '0',  '2010-07-21 23:21:04', NULL , NULL), 
(NULL ,  '1',  '7',  '09:30:00',  '4',  '0',  '2010-07-21 23:21:04', NULL , NULL), 
(NULL ,  '1',  '7',  '10:00:00',  '4',  '0',  '2010-07-21 23:21:57', NULL , NULL),
(NULL ,  '1',  '7',  '10:30:00',  '4',  '0',  '2010-07-21 23:21:04', NULL , NULL), 
(NULL ,  '1',  '7',  '11:00:00',  '4',  '0',  '2010-07-21 23:21:57', NULL , NULL),
(NULL ,  '1',  '7',  '11:30:00',  '4',  '0',  '2010-07-21 23:21:04', NULL , NULL), 
(NULL ,  '1',  '7',  '12:00:00',  '4',  '0',  '2010-07-21 23:21:57', NULL , NULL),
(NULL ,  '1',  '7',  '12:30:00',  '4',  '0',  '2010-07-21 23:21:04', NULL , NULL), 
(NULL ,  '1',  '7',  '13:00:00',  '4',  '0',  '2010-07-21 23:21:57', NULL , NULL),
(NULL ,  '1',  '7',  '13:30:00',  '4',  '0',  '2010-07-21 23:21:04', NULL , NULL), 
(NULL ,  '1',  '7',  '14:00:00',  '4',  '0',  '2010-07-21 23:21:57', NULL , NULL),
(NULL ,  '1',  '7',  '14:30:00',  '4',  '0',  '2010-07-21 23:21:04', NULL , NULL), 
(NULL ,  '1',  '7',  '15:00:00',  '4',  '0',  '2010-07-21 23:21:57', NULL , NULL),
(NULL ,  '1',  '7',  '15:30:00',  '4',  '0',  '2010-07-21 23:21:04', NULL , NULL), 
(NULL ,  '1',  '7',  '16:00:00',  '5',  '0',  '2010-07-21 23:21:57', NULL , NULL),
(NULL ,  '1',  '7',  '16:30:00',  '5',  '0',  '2010-07-21 23:21:04', NULL , NULL), 
(NULL ,  '1',  '7',  '17:00:00',  '5',  '0',  '2010-07-21 23:21:57', NULL , NULL),
(NULL ,  '1',  '7',  '17:30:00',  '5',  '0',  '2010-07-21 23:21:04', NULL , NULL), 
(NULL ,  '1',  '7',  '18:00:00',  '5',  '0',  '2010-07-21 23:21:57', NULL , NULL),
(NULL ,  '1',  '7',  '18:30:00',  '5',  '0',  '2010-07-21 23:21:04', NULL , NULL), 
(NULL ,  '1',  '7',  '19:00:00',  '5',  '0',  '2010-07-21 23:21:57', NULL , NULL),
(NULL ,  '1',  '7',  '19:30:00',  '5',  '0',  '2010-07-21 23:21:04', NULL , NULL), 
(NULL ,  '1',  '7',  '20:00:00',  '5',  '0',  '2010-07-21 23:21:57', NULL , NULL),
(NULL ,  '1',  '7',  '20:30:00',  '5',  '0',  '2010-07-21 23:21:04', NULL , NULL), 
(NULL ,  '1',  '7',  '21:00:00',  '5',  '0',  '2010-07-21 23:21:57', NULL , NULL),
(NULL ,  '1',  '7',  '21:30:00',  '5',  '0',  '2010-07-21 23:21:04', NULL , NULL) 
;




-- Tabla de activities

INSERT INTO `activities` (`id`, `id_court`, `description`, `active`, `id_manager`, `weekday`, `start_time`, `end_time`, `employee_discount`, `member_discount`, `user_discount`, `seasson_cost`, `month_cost`, `individual_cost`, `create_user`, `create_time`, `modify_user`, `modify_time`) VALUES
(1, 1, 'Curso Padel Tardes', '1', 2, '2', '19:30:00', '20:30:00', 20.00, 5.00, 0.00, 400.00, 40.00, 10.00, '0', NULL, NULL, NULL);
